aal-dk|Aalborg, DK|197288|Residential (STOFA) 
acc-gh|Accra, GH|30997|Ghana Internet eXchange (GIX) 
adl-au|Adelaide, AU|4739|Residential (Internode) 
aep-ar|Buenos Aires, AR|3449|Universidad de Buenos Aires 
ams-nl|Amsterdam, NL|1103|SURFnet 
ams2-nl|Amsterdam, NL|1200|AMS-IX 
ams5-nl|Amsterdam, NL|6830|Liberty Global 
ams6-nl|Amsterdam, NL|9143|Residential (Ziggo) 
amw-us|Ames, IA, US|2698|Iowa State University 
anc-us|Anchorage, AK, US|8047|GCI 
arn-se|Stockholm, SE|2603|NORDUnet 
atl-us|Atlanta, GA, US|31939|Residential (DirectTV) 
atl2-us|Tucker, GA, US|7922|Residential (Comcast) 
avl-us|Lake Junaluska, NC, US|20115|Residential (Charter Business DSL) 
aza-us|Gilbert, AZ, US|209|Residential (Century Link DSL) 
bbu-ro|Bucharest, RO|8708|Medical Express (RCS/RDS)) 
bcn-es|Barcelona, ES|13041|Universitat Politecnica de Catalunya 
bed-us|Concord, MA, US|7922|Residential (Comcast Cable) 
bed2-us|Groton, MA, US|701|Residential (Verizon Fios) 
bed3-us|Lexington, MA, US|6079|Residential (RCN) 
beg-rs|Belgrade, RS|13004|Serbian Open eXchange (SOX) 
bfi-us|Seattle, WA, US|209|Residential (Centurylink GPON) 
bjc-us|Broomfield, CO, US|3356|Level 3 Communications 
bjl-gm|Serrekunda, GM|37309|QCell 
blr-in|Bangaluru, IN|24560|Residential (Airtel) 
bma-se|Kista, SE|49770|Acreo 
bma2-se|Stockholm, SE|50821|Residential (Stockholms Stadsnat) 
bos4-us|Boston, MA, US|46887|MediaSilo 
bos5-us|Boston, MA, US|7922|Residential (Comcast) 
bre-de|Bremen, DE|31334|Residential (Kabel Deutschland) 
bre2-de|Bremen, DE|680|Jacobs University Bremen 
bre3-de|Bremen, DE|31334|Residential (Kabel Deutschland) 
bri-it|Bari, IT|41160|AMT Services 
bud2-hu|Budapest, HU|2012|Eötvös Loránd University (ELTE) 
bwi-us|Aberdeen, MD, US|668|US Army Research Lab 
cbg-uk|Cambridge, UK|786|University of Cambridge 
cbr-au|Red Hill, AU|4739|Residential (Internode) 
cdg-fr|Boulogne Billancourt, FR|30781|Jaguar Network ★
cgk-id|Jakarta, ID|7587|Indonesian IPv6 Task Force 
cjj-kr|Daejeon, KR|1237|KREONet2 
cld2-us|San Diego, CA, US|7018|Residential (ATT U-verse) 
cmn-ma|Casablanca, MA|30983|CNRST 
cmn2-ma|Khouribga, MA|36903|Residential (Maroc Telecom) 
coo-bj|Abomey-Calavi, BJ|28683|Universite d'Abomey-Calavi 
cph-dk|Ballerup, DK|59469|Solido Networks ApS 
dac-bd|Dhaka, BD|24122|BDCOM Online Limited at BD-IX 
dar-tz|Dar es Salaam, TZ|33791|Tanzania Internet Exchange (TIX) 
dar2-tz|Dar es Salaam, TZ|37100|Seacom 
dca-us|Washington, DC, US|11039|George Washington Univ. 
dca2-us|Washington, DC, US|701|Residential (Verizon Fios) 
dfw-us|Dallas, TX, US|1832|Southern Methodist University 
dkr-sn|Dakar, SN|8346|UCAD 
dub-ie|Dublin, IE|1213|HEANet 
dur-za|Durban, ZA|37100|Seacom 
eug-us|Eugene, OR, US|3582|University of Oregon 
fnl-us|Fort Collins, CO, US|12145|Colorado State University 
gai-us|Rockville, MD, US|7922|Residential (Comcast) 
gig-br|Rio de Janeiro, BR|1916|RNP 
gva-ch|Geneva, CH|25091|IP-Max SA 
hel-fi|Espoo, FI|1741|TKK 
her-gr|Heraklion, Crete, GR|8522|Foundation for Research and Technology - Hellas (FORTH) 
hkg-cn|Hong Kong, CN|3257|Tinet 
hkg2-cn|Hong Kong, CN|4616|Hong Kong Polytechnic University 
hkg3-cn|Hong Kong, CN|9269|Residential (Hong Kong Broadband Network, HKBN) 
hla-za|Johannesburg, ZA|3741|Residential (Internet Solutions) 
hlz-nz|Hamilton, NZ|681|Univ. Waikato 
hnl-us|Honolulu, HI, US|6360|University of Hawaii 
iad-us|Chantilly, VA, US|10745|ARIN 
iev-ua|Kiev, UA|21011|TopNet 
igx-us|Durham, NC, US|5650|Residential (Frontier DSL) 
ind-us|Indianapolis, IN, US|14333|Mid-West IX 
ith-us|Ithaca, NY, US|11351|Residential (Time Warner Cable) 
jfk-us|New York, NY, US|6939|Hurricane Electric ★
jlp-fr|Juan Les Pins, FR|12322|Residential (Free) 
jnb-za|Johannesburg, ZA|37474|Johannesburg Internet Exchange (JINX; IXP-ZA) 
kgl-rw|Kigali, RW|37228|Carnegie Mellon University in Rwanda 
kgl2-rw|Kigali, RW|37228|Rwanda IXP 
kgl3-rw|Kigali, RW|21174|Residential (Liquid Telecom) 
kna-cl|Vina del Mar, CL|22047|Residential (VTR broadband) 
krt-sd|Khartoum, SD|37197|Sudan Univ. of Science and Technology (SUST) 
ktm-np|Kathmandu, NP|45170|Nepal Research And Education Network 
lax-us|Los Angeles, CA, US|2152|CENIC 
lax3-us|Marina del Rey, CA, US|4|Information Sciences Inst., USC 
lej-de|Leipzig, DE|680|Universitat Leipzig 
lex-us|Lexington, KY, US|10796|Residential (Time Warner Cable) 
lis-pt|Abrantes, PT|2860|Residential (NOS) 
los-ng|Lagos, NG|37148|IXP of Nigeria (IXPN) 
lpi2-se|Linkoping, SE|2119|Residential (Bredbandsbolaget) 
mad-es|Madrid, ES|766|Univ. Carlos III de Madrid (RedIRIS) 
mel-au|Melbourne, AU|10148|University of Melbourne 
mmx-se|Lund, SE|8473|Residential (Bahnhof) 
mmx2-se|Lund, SE|47155|(colo at) ViaEuropa 
mnl-ph|Quezon City, PH|9821|ASTI 
mnz-us|Manassas, VA, US|701|Residential (Verizon Fios) 
mru-mu|Ebene, MU|327821|Mauritius IXP (MIXP) 
mry-us|Carmel, CA, US|7922|Residential (Comcast Business Broadband) 
mst-nl|Gulpen, NL|9143|Residential (Ziggo) 
msy-us|New Orleans, LA, US|22773|Residential (Cox Broadband) 
mty-mx|Monterrey, MX|22894|NIC Mexico ★
muc-de|Munich, DE|12816|Technical University of Munich 
nap-it|Napoli, IT|137|University of Napoli 
nbo-ke|Nairobi, KE|30844|Kenia IXP (KIXP; Liquid Telecom) 
nce-fr|Biot, FR|12322|Residential (Free.fr) 
nce2-fr|Biot, FR|3215|Eurocom 
nic-cy|Nicosia, CY|35432|Cablenet Communication Systems 
nrt-jp|Tokyo, JP|7660|APAN 
nrt2-jp|Tokyo, JP|2497|Residential (Plala NTT broadband) 
oak-us|Berkeley, CA, US|25|International Computer Science Institute (ICSI) ★
oak2-us|Berkeley, CA, US|21928|Residential (T-mobile 3G) 
oak3-us|Berkeley, CA, US|7018|Residential (ATT U-verse) 
oak5-us|Oakland, CA, US|7018|Residential (ATT U-verse) 
ord-us|Chicago, IL, US|20130_54728|DePaul University 
ory-fr|Paris, FR|12322|Residential (Iliad/Free France) 
osl-no|Lysaker, NO|224|Simula Research Laboratory 
osl2-no|Oslo, NO|2119|Residential (Canal Digital) 
oua-bf|Ouagadougou, BF|25543|Onatel 
oua2-bf|Ouagadougou, BF|37577|Airtel Mobile 
pao-us|Palo Alto, CA, US|33651|Residential (Comcast) 
pek-cn|Beijing, CN|24151|CNNIC ★
per-au|Perth, AU|7575|AARNet ★
pna-es|Pamplona, ES|766|Public University of Navarra 
pry-za|Johannesburg, ZA|33764|AFRINIC ★
psa-it|La Spezia, IT|12874|Residential (Telecom Italia) 
psa2-it|Pisa, IT|12874|Residential (Fastweb S.p.A.) 
psa3-it|Pisa, IT|3269|Residential (Telecom Italia) 
rno-us|Reno, NV, US|3851|University of Nevada at Reno 
san-us|San Diego, CA, US|1909|CAIDA 
san2-us|San Diego, CA, US|22773|Residential (Cox Broadband) 
san3-us|San Diego, CA, US|22773|HB Networks 
san6-us|San Diego, CA, US|7018|Residential (ATT) 
sao-br|Sao Paulo, BR|22548|Registro.br 
sao2-br|Sao Paulo, BR|1251|Rede ANSP / Projeto NARA 
scl-cl|Santiago, CL|27678|NIC Chile 
scl2-cl|Santiago, CL|22047|VTR 
sdv-il|Ramat Aviv, IL|378|Tel Aviv Univ. 
sea-us|Seattle, WA, US|73|University of Washington 
she-cn|Shenyang, CN|4538|Northeastern University 
sin-sg|Singapore, SG|37989|DCS1 Pte Ltd 
sin2-sg|Singapore, SG|45494|Openmirrors.asia - at Equinix SG1 
sin3-sg|Singapore, SG|4773|Residential (M1 Net) 
sjc2-us|San Jose, CA, US|6939|Hurricane Electric ★
sjj-ba|Sarajevo, BA|9146|Residential (BH Telecom) 
sjo-cr|San Jose, CR|262149|Sistemas Fratec 
sju-pr|San Juan, PR|36423|Liberty Global (San Juan Cable) 
snn-ie|Limerick, IE|1213|University of Limerick 
sof-bg|Sofia, BG|34224|Neterra Ltd  
sof2-bg|Sofia, BG|57463|NetIX 
sql-us|Redwood City, CA, US|1280|Internet Systems Consortium 
stn-uk|Ipswich, UK|2856|Residential (British Telecom) 
syd-au|Sydney, AU|7575|AARNet 
tij-mx|Tijuana, MX|174|Mexican Internet Exchange (MIE) 
tll2-ee|Tallinn, EE|3249|Residential (Elion) 
tnr-mg|Antananarivo, MG|37608|Madagascar IX 
tpe-tw|Hsinchu, TW|7539|TWAREN 
tul-us|Tulsa, OK, US|22773|True Digital Security (Cox Communication) 
tul2-us|Tulsa, OK, US|7018|Residential (ATT U-verse) 
vie-at|Vienna, AT|35492|FunkFeuer 
vko-ru|Moscow, RU|8331|the open Net 
wbu-us|Boulder, CO, US|194|NCAR 
wbu2-us|Boulder, CO, US|7922|Residential (Comcast Broadband) 
wlg-nz|Wellington, NZ|4768|Residential (Vodafone NZ, High Speed Cable) 
wlg2-nz|Lower Hutt, NZ|4771|Residential (Spark DSL) 
wlg3-nz|Wellington, NZ|38037|.nz Registry 
wvi-us|Santa Cruz, CA, US|46375|Residential (Sonic.net) 
ylk-ca|Barrie, ON, CA|19764|Georgian College 
yow-ca|Ottawa, ON, CA|10570|Ottawa Internet Exchange 
yto-ca|Ottawa, ON, CA|53904|Canarie 
yul-ca|Montreal, QC, CA|5769|Residential (Videotron) 
yul2-ca|Montreal, CA|40191|Zerofail 
yyc-ca|Airdrie, AB, CA|852|Residential (Telus) 
yyz-ca|Toronto, ON, CA|11670|TorIX ★
zrh-ch|Zurich, CH|559|University of Zurich 
